StartDate,EndDate,Status,IPAddress,Progress,Duration (in seconds),Finished,RecordedDate,ResponseId,RecipientLastName,RecipientFirstName,RecipientEmail,ExternalReference,LocationLatitude,LocationLongitude,DistributionChannel,UserLanguage,Q62,Q29,Q30,Q31,Q32,Q33,Q34,Q35,Q36,Q37,Q38,Q39,Q40,Q41_1,Q2,Q3,Q4,Q5,Q6,Q7,Q8,Q9,Q10,Q12,Q44,Q13,Q14_1,Q17,Q18,Q19,Q20,Q22,Q23,Q24,Q25,Q26,Q27,Q42,Q43,Q44,Q45,Q46,Q52,Q53,Q54,Q55,Q56,Q57,Q77_1,Q77_2,Q77_3,Q77_4,Q77_5,Q77_6,Q77_7,Q77_8,Q77_9,Q77_10,Q77_11,Q77_12,Q77_13,Q77_14,Q77_15,Q77_16,Q76_1,Q59,Q61,Q62,Q64,Q61,Q78,SC0,SC1,SC2,SC3,SC4,id
Start Date,End Date,Response Type,IP Address,Progress,Duration (in seconds),Finished,Recorded Date,Response ID,Recipient Last Name,Recipient First Name,Recipient Email,External Data Reference,Location Latitude,Location Longitude,Distribution Channel,User Language,"LETTER OF INFORMATION & PARTICIPANT CONSENT

We are pleased to invite you to participate in the research study outlined below. Please read through the information below to determine whether or not you would like to participate. Your participation is entirely voluntary and you can withdraw at any time without penalty.

Inclusion criteria for participating includes: 18-35 years old (University of Toronto PSY 100 subject pool students may be under 18 years old), fluent in English, normal or corrected-to-normal vision, normal color vision, normal hearing, and no history of neurological or psychiatric disorders.

Study Title: The behavioural dynamics of attention and memory during successful learning

Investigator: Dr. Michael Mack, michael.mack@utoronto.ca, Department of Psychology, University of Toronto, 100 St. George Street Toronto, Ontario, Canada, M5S 3G3

Purpose of research: The purpose of this study is to examine how cognitive processes, such as perception, learning, memory, and decision making interact with each other.

Experiment Procedures:


	
	Prior to beginning or after the experimental session, you will be asked to complete a background questionnaire that includes questions about your education, health, and demographics.
	
	
	The computerized experiment will involve any of the following: observing text, images of objects, faces, or scenes; listening to sounds; and making judgments about the stimuli with key presses or mouse clicks.
	
	
	At the end of the session, you will be fully debriefed as to the rationale and hypothesis underlying this experiment.
	


Time commitment: If you choose to participate, you will be asked to complete a testing session that could last for approximately 10-60 minutes. There will be opportunities to rest during the experiment.

Compensation: You will receive course credit (1 credit/hour) for your participation. 

Voluntariness/Early Withdrawal: This study is entirely voluntary. You are free to leave the experiment at any time, and this will have no bearing on the compensation that you may receive, nor will it have any other undesirable consequences.

Risks/Benefits: There are no known physical or psychological risks associated with your participation in this study. There are no direct benefits to you for participating in this research study other than the opportunity to learn about the scientific method and its direct application in addressing specific research questions.

Results/Confidentiality: Data on your performance will be used exclusively for scientific purposes and will be recorded and maintained in confidence and in anonymity by, and available only to Dr. Mack and researchers working under his supervision. No identifying information will be stored with your experimental data. You will be assigned a participant code from the online system and all data collection and analysis will be conducted with this participant code and the date/time of the session. This data is kept in a secure location with restricted access. The University of Toronto research ethics program may have confidential access to this data to help ensure participant protection procedures are followed.

Dissemination of Results: The results of this research will be published in scientific journals or presented at scientific conferences and seminars. Your name or other identifying information will not be included in these presentations. Following the publication of results, digital files containing your data may be made available for other researchers to analyze. Before this data is made available, all names and other identifiable information will be removed.

General information: If you have any questions about the research, please feel free to contact us by email at macklabuoft@gmail.com. If you have questions about your rights as a participant, you can contact the Office of Research Ethics at the University of Toronto at 416-946-3273 or email at ethics.review@utoronto.ca.

Participant consent: I have read and understood the information above regarding the procedures and risks involved in this study and have received satisfactory answers to my questions related to this study. I understand that if I have any questions or concerns resulting from my participation in this study, I may contact the laboratory members by email at macklabuoft@gmail.com or Dr. Mack at michael.mack@utoronto.ca.

I am aware that I may withdraw from the study at any time without penalty. With full knowledge of all foregoing I agree, of my own free will, to participate in this study.

If you agree to the above statement and would like to continue with this study, please click “I agree”. If you would not like to continue, please click “I disagree”.","Your five words are:


""I""         ""them""         ""see""         ""shoes""         ""occasionally""


Please arrange FOUR of them to make a complete sentence that you should type in the space below.","Your five words are:


""still""         ""Alice""         ""yesterday""         ""went""         ""home""


Please arrange FOUR of them to make a complete sentence that you should type in the space below.","Your five words are:

""there""         ""put""         ""the""         ""pause""         ""lamp""


Please arrange FOUR of them to make a complete sentence that you should type in the space below.","Your five words are:


""me""         ""green""         ""she""         ""to""         ""spoke""


Please arrange FOUR of them to make a complete sentence that you should type in the space below.","Your five words are:

 
""was""         ""that""         ""a""         ""gesture""         ""interrupt""


Please arrange FOUR of them to make a complete sentence that you should type in the space below.","Your five words are: 

""malls""         ""people""         ""shop""         ""at""         ""calm""

 
Please arrange FOUR of them to make a complete sentence that you should type in the space below.","Your five words are:


""this""         ""salty""         ""is""         ""food""         ""freeze""


Please arrange FOUR of them to make a complete sentence that you should type in the space below.","Your five words are:


""the""         ""tells""         ""inaction""         ""watch""         ""time""


Please arrange FOUR of them to make a complete sentence that you should type in the space below.","Your five words are:


""the""         ""your""         ""big""         ""moon""         ""looks""


Please arrange FOUR of them to make a complete sentence that you should type in the space below.","Your five words are:

 
""lamps""         ""homes""         ""belong""         ""in""         ""foot""


Please arrange FOUR of them to make a complete sentence that you should type in the space below.","Your five words are:


""candles""         ""provide""         ""paralyze""         ""added""         ""light""


Please arrange FOUR of them to make a complete sentence that you should type in the space below.","Your five words are:


""book""         ""stop""         ""is""         ""the""         ""fictional""


Please arrange FOUR of them to make a complete sentence that you should type in the space below.","Please tell us what you thought of the task.


How enjoyable did you find this task? - not at all enjoyable:extremely enjoyable","Your five words are: 

""I""      ""them""      ""see""      ""shoes""      ""occasionally""

Please arrange FOUR of them to make a complete sentence that you should type in the space below.","Your five words are:

""motivation""      ""Alice""      ""yesterday""      ""went""     ""home""

Please arrange FOUR of them to make a complete sentence that you should type in the space below.","Your five words are:

""there""      ""put""      ""the""      ""doing""      ""lamp""

Please arrange FOUR of them to make a complete sentence that you should type in the space be","Your five words are:

 ""me""       ""green""       ""she""       ""to""       ""spoke""

Please arrange FOUR of them to make a complete sentence that you should type in the space be","Your five words are:

 ""was""       ""that""       ""a""       ""gesture""       ""go""


Please arrange FOUR of them to make a complete sentence that you should type in the space be","Your five words are:


 ""malls""        ""people""        ""shop""        ""at""        ""behaviour""


 Please arrange FOUR of them to make a complete sentence that you should type in the space below.","Your five words are:


 ""this""        ""salty""         ""is""         ""food""         ""engage""


Please arrange FOUR of them to make a complete sentence that you should type in the space below.","Your five words are:


 ""the""         ""tells""         ""make""         ""watch""         ""time""


Please arrange FOUR of them to make a complete sentence that you should type in the space below.","Your five words are:


""the""         ""your""         ""big""         ""moon""         ""looks""


Please arrange FOUR of them to make a complete sentence that you should type in the space below.","Your five words are:


""lamps""         ""homes""         ""belong""         ""in""         ""foot""


Please arrange FOUR of them to make a complete sentence that you should type in the space below.","Your five words are: 

""candles""        ""provide""         ""active""         ""added""         ""light""


Please arrange FOUR of them to make a complete sentence that you should type in the space below.","Your five words are:


""book""         ""action""         ""is""         ""the""         ""fictional""


Please arrange FOUR of them to make a complete sentence that you should type in the space below.","Please tell us what you thought of the task.

How enjoyable did you find this task? - not at all enjoyable:extremely enjoyable","Which word is most nearly opposite in meaning to the given word?

PROPITIOUS","Which word is most nearly opposite in meaning to the given word?

PROTEAN","Which word is most nearly opposite in meaning to the given word?

PUGNACIOUS","Which word is most nearly opposite in meaning to the given word?

RETROGRADE","Which pair is closest in relationship to the given pair?

COLOR : SPECTRUM ::","Which pair is closest in relationship to the given pair?

SEDATIVE : DROWSINESS ::","Which pair is the closest in relationship to the given pair?

LAWYER : COURTROOM ::","Which pair is closest in relationship to the given pair?

CURIOSITY : KNOW ::","Which pair is closest in relationship to the given pair?

FRUGAL : MISERLY ::","Which pair is closest in relationship to the given pair?

ANTIDOTE : POISON ::","Which set of words fills in the blanks and best fits the meaning of the sentence?


Early______ of hearing loss is ______ by the fact that the other senses are able to compensate for moderate amounts
of loss, so that people frequently do not know that their hearing is imperfect.","Which set of words fills in the blanks and best fits the meaning of the sentence?

The ______ science of seismology has grown just enough so that the first overly bold theories have been ______ .","Which set of words fills in the blanks and best fits the meaning of the sentence?

Nonviolent demonstrations often create such tensions that a community that has constantly refused to ______ its
injustices is forced to correct them: the injustices can no longer be ______.","Which set of words fills in the blanks and best fits the meaning of the sentence?

Since 1813 reaction to Jane Austen's novels has oscillated between ______ and condescension; but in general laterwriters have esteemed her works more highly than did most of her literary ______.","Which set of words fills in the blanks and best fits the meaning of the sentence?

There are, as yet, no vegetation types or ecosystems whose study has been ______ to the extent that they no longer______ ecologists","The average (arithmetic mean) of x and y is 20. If z = 5, what is the average of x, y, and z?","If (3x - 1)^2 = 0, then x =","If 25 students in one class had an average of 93% and 20 students from another class had an average of 98%, approximately what is the average in percent of all 45 students?","In a certain shop, notebooks that normally sell for 59 cents are on sale at 2 for 99 cents. How much can be saved by purchasing 10 of these notebooks at the sale price?","A grocery store sells two types of maps. The local map costs 50 cents, and the state map costs 75 cents.  The store made 35 dollars selling 62 maps. How many local maps did it sell?",5/(5/4) =,INSTRUCTIONS: Please choose the option on the scale below that indicates how well each adjective or phrase describes your present mood. - Lively,INSTRUCTIONS: Please choose the option on the scale below that indicates how well each adjective or phrase describes your present mood. - Happy,INSTRUCTIONS: Please choose the option on the scale below that indicates how well each adjective or phrase describes your present mood. - Sad,INSTRUCTIONS: Please choose the option on the scale below that indicates how well each adjective or phrase describes your present mood. - Tired,INSTRUCTIONS: Please choose the option on the scale below that indicates how well each adjective or phrase describes your present mood. - Caring,INSTRUCTIONS: Please choose the option on the scale below that indicates how well each adjective or phrase describes your present mood. - Content,INSTRUCTIONS: Please choose the option on the scale below that indicates how well each adjective or phrase describes your present mood. - Gloomy,INSTRUCTIONS: Please choose the option on the scale below that indicates how well each adjective or phrase describes your present mood. - Jittery,INSTRUCTIONS: Please choose the option on the scale below that indicates how well each adjective or phrase describes your present mood. - Drowsy,INSTRUCTIONS: Please choose the option on the scale below that indicates how well each adjective or phrase describes your present mood. - Grouchy,INSTRUCTIONS: Please choose the option on the scale below that indicates how well each adjective or phrase describes your present mood. - Peppy,INSTRUCTIONS: Please choose the option on the scale below that indicates how well each adjective or phrase describes your present mood. - Nervous,INSTRUCTIONS: Please choose the option on the scale below that indicates how well each adjective or phrase describes your present mood. - Calm,INSTRUCTIONS: Please choose the option on the scale below that indicates how well each adjective or phrase describes your present mood. - Loving,INSTRUCTIONS: Please choose the option on the scale below that indicates how well each adjective or phrase describes your present mood. - Fed up,INSTRUCTIONS: Please choose the option on the scale below that indicates how well each adjective or phrase describes your present mood. - Active,"Overall, my mood is: 
Very 
Unpleasant (-10)                                                                                                                           Very Pleasant (10) - 1",What is your gender?,What is your age?,What is your highest level of education?,What is/was your major?,Are you proficient in English?,Is English your first language?,SAT-type performance measure,BMIS Pleasant - Unpleasant,BMIS Arousal - Calm,BMIS Positive - Tired,BMIS Negative - Relaxed,id
"{""ImportId"":""startDate"",""timeZone"":""America/Denver""}","{""ImportId"":""endDate"",""timeZone"":""America/Denver""}","{""ImportId"":""status""}","{""ImportId"":""ipAddress""}","{""ImportId"":""progress""}","{""ImportId"":""duration""}","{""ImportId"":""finished""}","{""ImportId"":""recordedDate"",""timeZone"":""America/Denver""}","{""ImportId"":""_recordId""}","{""ImportId"":""recipientLastName""}","{""ImportId"":""recipientFirstName""}","{""ImportId"":""recipientEmail""}","{""ImportId"":""externalDataReference""}","{""ImportId"":""locationLatitude""}","{""ImportId"":""locationLongitude""}","{""ImportId"":""distributionChannel""}","{""ImportId"":""userLanguage""}","{""ImportId"":""QID93""}","{""ImportId"":""QID29_TEXT""}","{""ImportId"":""QID30_TEXT""}","{""ImportId"":""QID31_TEXT""}","{""ImportId"":""QID32_TEXT""}","{""ImportId"":""QID33_TEXT""}","{""ImportId"":""QID34_TEXT""}","{""ImportId"":""QID35_TEXT""}","{""ImportId"":""QID36_TEXT""}","{""ImportId"":""QID37_TEXT""}","{""ImportId"":""QID38_TEXT""}","{""ImportId"":""QID39_TEXT""}","{""ImportId"":""QID40_TEXT""}","{""ImportId"":""QID41_1""}","{""ImportId"":""QID2_TEXT""}","{""ImportId"":""QID3_TEXT""}","{""ImportId"":""QID4_TEXT""}","{""ImportId"":""QID5_TEXT""}","{""ImportId"":""QID6_TEXT""}","{""ImportId"":""QID7_TEXT""}","{""ImportId"":""QID8_TEXT""}","{""ImportId"":""QID9_TEXT""}","{""ImportId"":""QID10_TEXT""}","{""ImportId"":""QID12_TEXT""}","{""ImportId"":""QID44_TEXT""}","{""ImportId"":""QID13_TEXT""}","{""ImportId"":""QID14_1""}","{""ImportId"":""QID17""}","{""ImportId"":""QID18""}","{""ImportId"":""QID19""}","{""ImportId"":""QID20""}","{""ImportId"":""QID22""}","{""ImportId"":""QID23""}","{""ImportId"":""QID24""}","{""ImportId"":""QID25""}","{""ImportId"":""QID26""}","{""ImportId"":""QID27""}","{""ImportId"":""QID46""}","{""ImportId"":""QID47""}","{""ImportId"":""QID48""}","{""ImportId"":""QID49""}","{""ImportId"":""QID50""}","{""ImportId"":""QID57""}","{""ImportId"":""QID58""}","{""ImportId"":""QID59""}","{""ImportId"":""QID60""}","{""ImportId"":""QID61""}","{""ImportId"":""QID62""}","{""ImportId"":""QID90_1""}","{""ImportId"":""QID90_2""}","{""ImportId"":""QID90_3""}","{""ImportId"":""QID90_4""}","{""ImportId"":""QID90_5""}","{""ImportId"":""QID90_6""}","{""ImportId"":""QID90_7""}","{""ImportId"":""QID90_8""}","{""ImportId"":""QID90_9""}","{""ImportId"":""QID90_10""}","{""ImportId"":""QID90_11""}","{""ImportId"":""QID90_12""}","{""ImportId"":""QID90_13""}","{""ImportId"":""QID90_14""}","{""ImportId"":""QID90_15""}","{""ImportId"":""QID90_16""}","{""ImportId"":""QID89_1""}","{""ImportId"":""QID64""}","{""ImportId"":""QID66_TEXT""}","{""ImportId"":""QID67""}","{""ImportId"":""QID69_TEXT""}","{""ImportId"":""QID92""}","{""ImportId"":""QID91""}","{""ImportId"":""SC_3f3oaJAXA3fFXTM""}","{""ImportId"":""SC_cLJMUU0i1QWze2W""}","{""ImportId"":""SC_1A2adTVSkU9fsfc""}","{""ImportId"":""SC_0Puwk1t5oZGvMkm""}","{""ImportId"":""SC_cMd1K9d3noJbAJ8""}","{""ImportId"":""id""}"
2023-03-03 11:39:34,2023-03-03 11:41:10,0,142.1.184.168,100,95,1,2023-03-03 11:41:11,R_3fpnmN4CNFhqM2b,,,,,43.6576,-79.3798,anonymous,EN,1,n,n,n,n,n,n,n,n,n,n,n,n,4,,,,,,,,,,,,,,1,1,1,1,1,1,1,1,1,1,1,1,1,1,1,1,1,1,1,1,1,1,1,1,1,1,1,1,1,1,1,1,1,1,1,1,1,12,2,25,5,n,1,1,4,40,18,13,9,12345678
2023-03-06 11:53:33,2023-03-06 12:12:21,0,138.51.71.119,100,1127,1,2023-03-06 12:12:21,R_3nNlVeti5zxYJKO,,,,,43.6638,-79.3999,anonymous,EN,1,,,,,,,,,,,,,,I see them occasionally.,Alice went home yesterday.,Put the lamp there.,She spoke to me.,That was a gesture.,People shop at malls.,This is salty food.,The watch tells time.,The moon looks big.,Lamps belong in homes.,Candles provide added light.,The book is fictional.,4,1,1,4,3,1,4,5,1,4,5,3,1,1,2,2,3,2,4,2,3,3,3,3,2,3,4,3,1,2,3,2,2,3,3,3,2,3,18,1,18,2,Life Sciences,1,1,11,46,29,19,12,35557
2023-03-06 12:04:11,2023-03-06 12:19:20,0,138.51.70.251,100,909,1,2023-03-06 12:19:21,R_yC7gHQdBkfYq7Zf,,,,,43.6638,-79.3999,anonymous,EN,1,I see shoes occasionally,Alice went home yesterday,Put the lamp there,she spoke to me,was that a gesture,people shop at malls,this food is salty,the watch tells time,the moon looks big,lamps belong in homes,candles provided added light,the book is fictional,5,,,,,,,,,,,,,,1,1,5,3,1,4,3,3,4,2,1,3,1,5,2,1,4,4,2,4,3,3,3,2,3,3,3,2,3,2,2,2,3,3,3,2,3,19,2,18,2,politcal science,1,1,14,44,30,19,14,35281
2023-03-06 12:22:09,2023-03-06 12:34:53,0,138.51.84.77,100,763,1,2023-03-06 12:34:53,R_3KBEHd3cesi5mZ4,,,,,43.6638,-79.3999,anonymous,EN,1,,,,,,,,,,,,,,I occasionally see shoes,Alice went home yesterday,put the lamp there,she spoke to me,that was a gesture,people shop at malls,this food is salty,the watch tells time,the moon looks big,lamps belong in homes,candles provide added light,the book is fictional,4,1,2,2,1,1,4,3,3,4,2,3,2,3,4,2,4,4,4,2,2,3,3,3,2,3,2,3,2,2,3,2,2,2,3,3,2,2,16,2,2,2,21,1,1,14,43,26,16,12,33901
2023-03-06 12:26:36,2023-03-06 12:40:21,0,138.51.75.253,100,824,1,2023-03-06 12:40:21,R_2CfDZNrKEOrOBN2,,,,,43.6638,-79.3999,anonymous,EN,1,"I see them occasionally ","Alice went home yesterday ","Put the lamp there ","She spoke to me ","Was that a gesture ","People shop at malls ","This food is salty ","Watch tells the time ","The moon looks big ","Lamps belong in homes ","Added candles provide light ","The book is fictional ",5,,,,,,,,,,,,,,1,2,2,1,1,4,4,1,5,1,2,1,1,5,2,3,4,3,2,3,3,1,1,3,4,1,1,3,1,4,3,1,3,2,1,4,3,15,1,20,2,Psych/ criminologyv,1,1,9,26,25,9,17,37189
2023-03-06 12:53:05,2023-03-06 13:03:48,0,138.51.80.193,100,643,1,2023-03-06 13:03:49,R_bC5o5BWCPVwepAR,,,,,43.6638,-79.3999,anonymous,EN,1,I see them occasionally,Yesterday Alice went home,put the lamp there,she spoke to me,that was a gesture,people shop at malls,this food is salty,watch the time tells,the moon looks big,"lamps belong in homes ",provide candles added light,the book is fictional,4,,,,,,,,,,,,,,1,2,1,2,2,2,3,1,3,1,3,5,1,2,2,4,4,3,3,2,3,2,2,3,4,2,3,3,3,3,3,4,4,1,2,3,4,16,1,18,2,Life Sciences,1,2,10,34,35,17,20,32086
2023-03-06 12:44:45,2023-03-06 13:05:06,0,76.66.123.233,100,1220,1,2023-03-06 13:05:06,R_1jkTq77SQImOuIK,,,,,43.6667,-79.3804,anonymous,EN,1,,,,,,,,,,,,,,I occasionally see them,Yesterday Alice went home,Put the lamp there,She spoke to me,That was a gesture,People at shop malls,This is salty food,The watch tells time,Your moon looks big,Belong lamps in homes,Candles provide active light,The book is fictional,3,4,1,4,4,2,4,3,3,1,4,5,4,1,2,1,4,4,4,5,4,3,1,2,2,3,2,2,2,2,2,3,2,2,2,2,3,2,10,1,19,2,Not decided yet,2,2,12,36,25,14,14,36022
2023-03-06 12:54:20,2023-03-06 13:16:04,0,138.51.74.73,100,1304,1,2023-03-06 13:16:04,R_1IKGxYowkQUL4ql,,,,,43.6638,-79.3999,anonymous,EN,1,I see them occasionally,Alice still went home,put the lamp there,she spoke to me,was that a gesture,people shop at malls,this food is salty,the watch tells time,the moon looks big,lamps belong in homes,candles provide added light,is the book fictional,5,,,,,,,,,,,,,,5,1,2,3,1,4,3,1,4,5,5,2,1,2,2,4,4,4,2,2,3,1,1,3,4,1,1,4,1,4,4,1,1,4,1,4,2,3,2,21,4,economics,1,1,13,27,21,8,14,36979
2023-03-06 13:12:47,2023-03-06 13:16:25,0,216.208.92.34,100,218,1,2023-03-06 13:16:26,R_z71efoLGhUqbDup,,,,,43.6576,-79.3798,anonymous,EN,1,,,,,,,,,,,,,,I see shoes occasionally,Alice went home yesterday,Put the lamp there,She spoke to me,Was that a gesture,People shop at malls,This food is salty,The watch tells time,The moon looks big,Lamps belong in homes,Candles provide added light,The book is fictional,3,1,2,1,1,1,4,3,2,1,4,1,1,4,2,2,1,5,4,3,4,3,2,2,2,2,2,2,2,2,2,2,2,2,2,2,2,2,12,1,18,2,Psychology,1,1,12,40,26,16,13,32047
2023-03-06 13:01:52,2023-03-06 13:21:37,0,142.151.186.235,100,1184,1,2023-03-06 13:21:37,R_2pJog2X8S4LXtBc,,,,,43.6638,-79.3999,anonymous,EN,1,,,,,,,,,,,,,,I see them occasionally.,Alice went home yesterday.,Put the lamp there.,She spoke to me.,That was a gesture.,People shop at malls.,This food is salty.,The watch tells time.,The moon looks big.,Lamps belong in homes.,Candles provide active light.,The book is fictional.,4,1,2,3,3,2,5,1,1,4,1,3,3,1,3,1,4,4,4,2,4,3,1,2,1,3,1,1,1,1,2,2,2,2,1,1,1,1,15,1,18,2,Media,2,2,11,37,18,11,10,34582
2023-03-06 13:10:07,2023-03-06 13:24:31,0,74.12.233.59,100,863,1,2023-03-06 13:24:32,R_1GOfT3BNvjnQGbx,,,,,43.7124,-79.3644,anonymous,EN,1,I occasionally see shoes,Alice went home yesterday,put the lamp there,she spoke to me,was that a gesture,people shop at malls,this is salty food,the watch tells time,your the big moon,lamps belong in homes,candles provide added light,is the book fictional,4,,,,,,,,,,,,,,2,4,1,5,2,4,3,1,2,3,2,5,1,5,5,1,4,4,2,3,3,2,3,2,4,3,2,1,1,1,3,2,3,4,3,3,3,17,2,19,2,undecided,1,2,7,44,25,18,11,34537
2023-03-06 13:14:05,2023-03-06 13:24:38,0,138.51.87.159,100,632,1,2023-03-06 13:24:39,R_1LwyWwx1MTJAhdL,,,,,43.6638,-79.3999,anonymous,EN,1,,,,,,,,,,,,,,I see shoes occasionally.,Alice went home yesterday.,Put the lamp there.,She spoke to me.,Go was a gesture.,People shop at malls.,This food is salty.,Tells the watch time.,The moon looks big.,Lamps belong in homes.,Candles provide added light.,The book is fictional.,3,1,3,2,1,1,3,2,3,2,2,2,1,2,2,1,1,4,2,1,2,5,3,3,2,4,2,2,2,2,2,2,2,2,2,2,3,3,17,1,18,3,Economic,2,2,5,40,27,16,14,37135
2023-03-06 13:58:33,2023-03-06 14:03:12,0,142.126.230.175,100,278,1,2023-03-06 14:03:13,R_2uqfU1SVkSoPHjR,,,,,43.6667,-79.3804,anonymous,EN,1,I see them occasionally,Alice went home yesterday,There put the lamp,She spoke to me,A gesture was interrupt,People shop at malls,This food is salty,The inaction tells Tim,The moon looks big,Foot lamps belong homes,Candles added light paralyze,The book is fictional,5,,,,,,,,,,,,,,2,4,2,5,1,4,3,5,5,1,2,5,2,1,3,2,3,4,4,5,5,4,3,3,2,3,4,4,3,3,3,4,3,3,3,3,3,15,1,19,4,Econ,2,2,4,43,38,22,18,32788
2023-03-06 13:44:44,2023-03-06 14:05:35,0,99.247.202.98,100,1251,1,2023-03-06 14:05:35,R_yIyayKJ1fHIe90J,,,,,43.8419,-79.5565,anonymous,EN,1,I see them occasionally,Alice went home yesterday,put the lamp there,She spoke to me,was that a gesture,people shop at malls,this food is salty,the watch tells time,the moon looks big,lamps belong in homes,candles provide added light,is the book fictional,4,,,,,,,,,,,,,,4,2,2,3,1,4,3,3,1,4,3,2,1,2,2,4,4,4,2,3,3,3,3,2,3,3,3,3,2,2,2,2,2,4,3,3,3,18,2,18,2,none,1,1,18,45,29,19,13,33700
2023-03-06 13:53:59,2023-03-06 14:22:06,0,138.51.83.114,100,1687,1,2023-03-06 14:22:06,R_1iqg0Bi1bv2GfZy,,,,,43.6638,-79.3999,anonymous,EN,1,Occasionally I see shoes,Alice went home yesterday,Put the lamp there,She spoke to me,That was a gesture,People shop at malls,This is salty food,The watch tells time,The moon looks big,Lamps belong in homes,"Candles provide added light ",The book is fictional,3,,,,,,,,,,,,,,1,3,4,2,1,4,3,3,1,3,3,2,3,2,2,4,4,4,2,4,5,1,3,1,4,1,3,4,1,4,2,1,1,4,1,2,1,7,2,19,2,Kinesiology & Physical Education,1,1,15,36,16,7,10,35947
2023-03-06 14:08:43,2023-03-06 14:22:46,0,138.51.78.52,100,843,1,2023-03-06 14:22:47,R_24w98qSphlWBDJ9,,,,,43.6638,-79.3999,anonymous,EN,1,,,,,,,,,,,,,,I occasionally see shoes,Alice went home yesterday,put the lamp there,she spoke to me,was that a gesture,people shop at malls,this food is salty,the watch tells time,the moon looks big,lamps belong in homes,candles provide active light,the book is fictional,5,1,2,4,3,2,3,4,1,4,1,3,1,1,2,2,1,4,4,5,3,3,2,2,2,2,2,2,2,2,2,3,2,2,3,2,2,3,15,2,18,4,Life Sciences,1,2,10,41,26,17,12,34108
2023-03-06 14:10:05,2023-03-06 14:30:14,0,138.51.86.125,100,1209,1,2023-03-06 14:30:15,R_BWCuejj8gxCxXup,,,,,43.6638,-79.3999,anonymous,EN,1,,,,,,,,,,,,,,I see them occasionally.,Alice went home yesterday.,Put the lamp there.,She spoke to me,That was a gesture.,People shop at malls.,This is salty food.,The watch tells time.,The moon looks big.,Lamps belong in homes.,Candles provide active light.,The action is frictional.,2,1,2,5,3,1,4,3,2,1,4,1,1,1,3,2,4,4,3,5,3,3,1,2,2,4,2,2,4,4,3,2,2,4,2,1,4,1,5,1,18,2,Life science,2,2,14,26,29,10,21,32749
2023-03-06 14:16:39,2023-03-06 14:33:18,0,138.51.69.193,100,998,1,2023-03-06 14:33:19,R_27kdg0YYFjOklFC,,,,,43.6638,-79.3999,anonymous,EN,1,occasionally I see them shoes,"still Alice went home yesterday ",put the pause lamp there,green she spoke to me,"that was a gesture interrupt ",calm people shop at malls,this food freeze is salty,the watch tells time inaction,"your the moon looks big ",lamps belong in foot homes,paralyse candles provide added light,"the book stop is fictional ",3,,,,,,,,,,,,,,1,2,1,2,1,4,3,3,4,1,1,3,3,4,3,4,4,4,2,3,3,3,3,1,1,4,3,2,3,1,1,3,2,3,4,2,3,17,1,19,2,non,1,1,11,53,33,25,12,33871
2023-03-06 14:49:41,2023-03-06 15:03:28,0,142.126.226.42,100,827,1,2023-03-06 15:03:29,R_3n2bmSkI2Aq6Nsu,,,,,43.6426,-79.4002,anonymous,EN,1,,,,,,,,,,,,,,I see them occasionally,"Alice went home yesterday ",Put the lamp there,She spoke to me,The was a gesture,People shop at malls,This food is salty,The watch tells time,Your the big moon,Lamps belong in homes,Candles provide active light,The book is action,1,2,3,2,1,4,4,3,3,5,4,3,3,1,4,2,4,4,4,2,3,3,1,1,4,4,2,1,4,2,4,4,1,1,4,4,4,1,6,2,18,2,Psychology,1,1,12,28,26,11,16,34294
2023-03-06 14:49:32,2023-03-06 15:04:00,0,142.126.226.42,100,867,1,2023-03-06 15:04:00,R_2f1yegWpCclFE6j,,,,,43.6426,-79.4002,anonymous,EN,1,I see them occasionally,Alice went home yesterday,Put the pause there,She spoke to me,was that a gesture,people shop at malls,this food is salty,the watch tells time,the moon looks big,lamps belong in homes,candles provide added light,the book is fictional,3,,,,,,,,,,,,,,1,5,4,3,1,4,5,2,5,2,1,3,1,4,2,4,4,4,2,3,3,3,3,3,4,4,4,3,2,3,3,2,3,3,4,3,4,18,1,18,2,CCIT,1,1,11,43,34,20,16,34987
2023-03-06 15:24:25,2023-03-06 15:32:05,0,138.51.85.98,100,459,1,2023-03-06 15:32:05,R_1KjxcFutZjml2q1,,,,,43.6638,-79.3999,anonymous,EN,1,I see them occasionally,Yesterday Alice still went home,put the lamp there,"she spoke to me ",that was a gesture,"people shop at malls ",this food is salty,the watch tells time,"the moon looks big ","lamps belong in homes ",candles provide added light,the book is fictional,3,,,,,,,,,,,,,,2,1,3,4,2,3,1,2,2,1,1,5,1,1,1,1,2,2,1,2,3,2,2,2,3,2,2,2,2,2,2,2,2,2,2,2,2,14,1,19,2,psychology,1,2,2,39,25,15,13,32380
2023-03-06 15:14:19,2023-03-06 15:32:32,0,138.51.79.212,100,1093,1,2023-03-06 15:32:33,R_uexj7iwpMr8tJgR,,,,,43.6638,-79.3999,anonymous,EN,1,,,,,,,,,,,,,,I occasionally see them,Alice went home yesterday,Put the lamp there,She spoke to me,was that a gesture,people shop at malls,this food is salty,the watch tells time,the moon looks big,lamps belong in homes,candles provide added light,the book is fictional,4,2,2,2,3,1,4,3,1,4,4,4,2,1,2,2,4,4,4,2,4,3,3,3,2,3,3,3,2,2,3,2,2,1,4,3,2,3,18,2,20,3,Human Biology,1,1,16,47,26,18,10,33457
2023-03-06 15:57:36,2023-03-06 16:10:58,0,76.66.145.93,100,801,1,2023-03-06 16:10:59,R_24nIfitOC1VoWMo,,,,,43.6836,-79.3732,anonymous,EN,1,i see them occasionally,alice went home yesterday,put the lamp there,she spoke to me,that was a gesture,people shop at malls,this food is salty,the watch tells time,the moon looks big,lamps belong in homes,added candles provide light,the bool is fictional,4,,,,,,,,,,,,,,1,2,3,3,5,5,4,2,5,2,1,5,2,2,3,1,4,3,2,3,3,4,4,1,3,3,4,1,2,2,2,2,2,4,3,3,3,20,2,20,4,computer science,1,2,7,51,27,20,10,36616
2023-03-06 16:04:04,2023-03-06 16:21:17,0,66.23.90.115,100,1033,1,2023-03-06 16:21:18,R_1dn5gV6ln8W3b2K,,,,,43.6192,-79.6538,anonymous,EN,1,I occasionally see them.,Alice went home yesterday.,Put the lamp there.,She spoke to me.,That was a gesture.,People shop at malls.,This food is salty.,The watch tells time.,The moon looks big.,Lamps belong in homes.,Candles provide added light.,The book is fictional.,4,,,,,,,,,,,,,,2,4,2,3,1,4,3,3,2,5,3,1,3,2,2,3,4,4,2,1,3,2,2,2,4,2,2,2,2,4,2,2,2,3,2,3,2,18,1,18,2,Life Science,1,1,12,36,24,12,13,34609
2023-03-06 16:12:08,2023-03-06 16:56:26,0,138.51.85.90,100,2657,1,2023-03-06 16:56:27,R_2y49T2YdfOQ6R7O,,,,,43.6638,-79.3999,anonymous,EN,1,,,,,,,,,,,,,,I see them occasionally," Alice went home yesterday",Put the lamp there,She spoke to me,That was a gesture,People shop at malls,This food is salty,The watch tells time,The moon looks big,Lamps belong in homes,Candles provide added light,Is the book fictional,4,1,2,3,3,1,4,3,3,1,4,3,2,1,2,2,4,4,4,2,4,3,2,2,3,4,3,3,3,2,4,1,1,1,4,2,2,4,18,2,18,3,nuroscience,1,1,20,41,25,14,12,35254
2023-03-06 16:43:27,2023-03-06 17:02:35,0,208.71.9.130,100,1148,1,2023-03-06 17:02:36,R_1FQgXv9VSSY3ey0,,,,,43.6589,-79.3874,anonymous,EN,1,I occasionally see them shoes,"Alice still went home yesterday ",There put the pause lamp,She spoken green to me,That was a interrupt gesture,People shop at malls calm,This is food salty.,The time tells inaction.,The moon looks big.,Lamps belong in homes.,Candles provide added lights.,The book is fictional.,2,,,,,,,,,,,,,,2,1,4,3,4,4,4,1,4,3,2,1,5,4,4,4,4,4,2,4,2,1,1,3,3,2,2,2,3,3,4,1,2,1,2,4,1,9,1,20,3,Soc,2,2,7,27,27,11,18,32569
2023-03-06 16:36:12,2023-03-06 17:20:38,0,174.91.170.244,100,2665,1,2023-03-06 17:20:39,R_sEWFy0g8Lj46waB,,,,,43.6426,-79.4002,anonymous,EN,1,,,,,,,,,,,,,,I see them occasionally,"Alice went home yesterday ",put the lamp there,she spoke to me,that was a gesture,people shop at malls,this food is salty,watch tells the time,the moon looks big,lamps belong in homes,"candles provide added light ","the book is fictional ",5,2,5,2,3,1,4,3,2,2,4,3,5,1,5,2,3,4,4,2,2,3,3,3,3,4,4,2,2,2,2,3,2,3,3,3,1,1,15,1,18,2,life sciences (undeclared),1,2,12,41,27,17,13,32233
2023-03-06 17:00:48,2023-03-06 17:39:35,0,199.68.121.246,100,2326,1,2023-03-06 17:39:36,R_bmzS6O7AuSCoIqB,,,,,43.6547,-79.3623,anonymous,EN,1,"I see shoes occasionally ",Alice went home yesterday,Put the lamp there,She spoke to me,"Was that a gesture ",People shop at malls,This food is salty,The watch tells time,The moon looks big,Lamps belong in homes,Candles provide added light,Is the book fictional,4,,,,,,,,,,,,,,2,2,4,3,1,4,3,2,2,3,3,2,3,2,2,4,4,3,2,1,2,2,2,3,3,3,3,3,2,4,2,2,3,2,2,3,2,13,1,21,3,Cell and Molecular Biology,1,1,12,35,30,14,17,35347
2023-03-06 17:25:08,2023-03-06 17:47:23,0,138.51.77.167,100,1335,1,2023-03-06 17:47:24,R_1mt5VpHFNTO79eJ,,,,,43.6638,-79.3999,anonymous,EN,1,,,,,,,,,,,,,,I occasionally see them.,Alice went home yesterday.,Put the lamp there.,"She spoke to me. ","That was a gesture. ","People shop at malls. ","This is salty food. ","Watch tells the time. ","The moon looks big. ","Lamps belong in homes. ","Candles provide active light. ","The book is fictional. ",2,1,2,3,3,2,4,3,2,2,3,3,2,1,2,2,1,4,4,2,4,3,2,2,2,2,2,2,2,2,2,2,2,2,2,2,2,2,7,1,18,2,ethics & drama,2,2,15,40,26,16,13,32482
2023-03-06 17:34:58,2023-03-06 18:04:47,0,138.51.89.253,100,1788,1,2023-03-06 18:04:47,R_aVqTIeswQlNrBCx,,,,,43.6638,-79.3999,anonymous,EN,1,I see shoes occasionally,Alice went home yesterday,Put the lamp there,She spoke to me,That was a gesture,People shop at malls,This food is salty,The watch tells time,The moon looks big,Lamps belong in homes,Candles provide added light,The book is fictional,5,,,,,,,,,,,,,,1,3,2,3,1,4,3,1,2,4,3,3,1,4,2,4,4,1,2,3,1,3,2,3,3,3,3,2,3,1,2,2,1,2,3,3,3,14,2,18,2,Life science,1,2,12,43,31,20,15,35437
2023-03-06 17:42:55,2023-03-06 18:08:56,0,138.51.71.134,100,1560,1,2023-03-06 18:08:56,R_3r2NZt9jteYzQb9,,,,,43.6638,-79.3999,anonymous,EN,1,,,,,,,,,,,,,,I see them occasionally.,Alice went home yesterday,Put the lamp there,She spoke to me,That was a gesture,People shop at malls,This food is salty,The watch tells time,The moon looks big,Lamps belong in homes,Candles provide added light,The book is fictional,4,1,2,1,3,2,4,1,3,4,1,5,2,1,4,5,4,2,4,2,4,3,3,3,2,4,2,2,1,1,3,1,1,1,3,1,3,3,18,1,19,2,Life Sciences,1,2,12,42,21,13,10,34270
2023-03-06 17:56:55,2023-03-06 18:18:14,0,138.51.66.95,100,1279,1,2023-03-06 18:18:15,R_3Gfee9hAcxUWUXm,,,,,43.6638,-79.3999,anonymous,EN,1,,,,,,,,,,,,,,I see them occasionally,Alice went home yesterday,put the lamp there,she spoke to me,that was a gesture,people shop at malls,this food is salty,the watch tells time,the moon looks big,lamps belong in homes,added candles provide light,the book is fictional,3,3,2,2,3,1,4,3,2,2,4,3,2,1,2,3,3,4,3,2,1,3,2,2,2,3,2,3,2,3,3,2,2,2,2,2,2,2,14,1,18,2,Life Science,1,2,13,38,26,14,14,34792
2023-03-06 18:05:00,2023-03-06 18:20:10,0,99.231.93.40,100,909,1,2023-03-06 18:20:10,R_28Y9IPzDld5ybHk,,,,,43.6547,-79.3623,anonymous,EN,1,I see shoes occasionally.,Alice went home yesterday.,Put the lamp there.,She spoke to me.,That was a gesture.,People stop at malls,This food is salty.,The watch tells time.,the big moon looks.,Lamps belong in homes.,Candles provide added light.,The fictional book stop.,4,,,,,,,,,,,,,,1,2,5,3,2,5,3,2,1,3,3,1,1,4,1,4,4,4,2,4,3,2,2,1,3,1,3,3,3,3,3,3,1,2,1,1,1,12,1,19,4,statistics,1,2,14,37,22,12,12,35665
2023-03-06 18:33:05,2023-03-06 18:44:53,0,138.51.94.179,100,707,1,2023-03-06 18:44:54,R_1llwFTJngyRzaGB,,,,,43.6638,-79.3999,anonymous,EN,1,,,,,,,,,,,,,,"I see shoes occasionally ",Alice went home yesterday,put the lamp there,she spoke to me,"that was a gesture ",people shop at malls,"this food is salty ","the watch tells time ","the moon looks big ",lamps belong in homes,candles provide added light,is the book fictional,4,2,5,1,3,1,4,4,5,4,4,3,3,1,2,1,1,3,4,2,1,1,3,2,3,4,4,4,3,3,3,3,2,4,2,3,4,2,18,1,18,4,"life sciences ",1,1,9,35,35,17,20,35059
2023-03-06 18:30:55,2023-03-06 18:52:50,0,99.229.241.18,100,1315,1,2023-03-06 18:52:51,R_1dta8Gw0ALViWQU,,,,,43.6752,-79.3472,anonymous,EN,1,I occasionally see them.,"Alice went home yesturday. ","Put the lamp there. ","She spoke to me. ","That was a gesture. ","People shop at malls. ","This food is salty. ","The watch tells time. ","The moon looks big. ","Lamps belong in homes. ","Candles provide added light. ","The book is fictional. ",3,,,,,,,,,,,,,,1,2,3,3,2,4,5,2,1,2,2,1,3,3,1,3,4,3,2,4,3,3,3,1,3,2,3,1,1,1,2,2,1,3,1,1,3,18,2,23,2,Economics,1,2,9,49,20,17,7,35641
2023-03-06 18:48:44,2023-03-06 19:05:37,0,138.51.93.83,100,1013,1,2023-03-06 19:05:38,R_OND7LxgRsx58G5P,,,,,43.6638,-79.3999,anonymous,EN,1,,,,,,,,,,,,,,I occasionally see shoes,Alice went home yesterday,Put the lamp there,she spoke to me,was that a gesture,people shop at malls,this food is salty,the watch tells time,the moon looks big,lamps belong in homes,candles provide added light,the book is fictional,3,4,3,4,3,2,4,1,1,4,2,1,2,3,4,2,4,4,3,3,4,3,1,2,2,4,2,3,3,1,2,3,1,1,3,2,3,2,15,1,18,2,life science,1,1,8,37,21,12,12,34933
2023-03-06 19:12:31,2023-03-06 19:24:30,0,76.69.115.201,100,718,1,2023-03-06 19:24:31,R_3hbcCSXJ4bKo0Oh,,,,,43.7618,-79.2703,anonymous,EN,1,I see them occasionally.,Yesterday Alice went home.,Put the lamp there.,She spoke to me.,That was a gesture.,People shop at malls.,This food is salty.,The watch tells time.,The moon looks big.,Lamps belong in homes.,Candles provided added light.,The book is fictional.,2,,,,,,,,,,,,,,2,5,2,2,4,1,3,1,2,1,1,1,1,2,1,1,4,1,2,1,3,2,2,3,4,3,3,2,2,2,2,2,4,1,3,3,2,9,1,18,2,Undecided,1,2,6,36,31,16,18,34132
2023-03-06 19:13:38,2023-03-06 19:39:11,0,138.51.78.21,100,1532,1,2023-03-06 19:39:11,R_3qvVL3n18PsZ5fX,,,,,43.6638,-79.3999,anonymous,EN,1,I occasionally see them,Alice went home yesterday,Put the lamp there,she spoke to me,that was a gesture,people shop at malls,this food is salty,the watch tells time,the moon looks big,lamps belong in homes,added candles provide light,the book is fictional,4,,,,,,,,,,,,,,1,2,3,3,2,4,4,2,1,3,4,1,2,3,3,4,4,4,2,4,3,3,2,2,3,1,3,2,2,3,3,2,2,2,1,3,3,10,1,18,2,life science,1,2,11,37,26,14,14,34150
2023-03-06 18:59:21,2023-03-06 19:39:23,0,50.115.95.7,100,2402,1,2023-03-06 19:39:24,R_d6lqQVDOKkB5sg9,,,,,43.6535,-79.402,anonymous,EN,1,,,,,,,,,,,,,,I see them occasionally.,Alice went home yesterday.,Put the lamp there.,She spoke to me.,Was that a gesture?,People shop at malls.,This food is salty.,The watch tells time.,The moon looks big.,Lamps belong in homes.,Candles provide added light.,The book is fictional.,5,1,1,5,3,1,4,3,3,1,4,3,3,1,2,2,4,4,4,2,4,3,3,3,2,3,2,3,1,2,2,1,2,1,4,1,1,2,4,1,18,2,TBA (first-year Humanities stream),1,1,19,47,20,15,8,32551
2023-03-06 19:34:56,2023-03-06 19:53:09,0,142.188.226.208,100,1092,1,2023-03-06 19:53:10,R_2wRfwBElIZeEsIf,,,,,43.689,-79.5635,anonymous,EN,1,,,,,,,,,,,,,,"I see shoes occasionally ",Alice went home yesterday,put the lamp there,"she spoke to me ",was that a gesture,"people shop at malls ","there is salty food ",the watch tells time,"the big moon looks ",lamps belong in homes,candles provide added light,"the book is fictional ",5,1,2,4,1,1,4,1,1,4,3,4,1,1,2,2,4,4,4,2,4,3,3,3,2,4,3,3,4,4,4,4,1,4,2,2,3,2,19,1,19,2,"political science ",1,1,13,30,32,13,20,32329
2023-03-06 19:53:40,2023-03-06 20:14:00,0,138.51.84.135,100,1220,1,2023-03-06 20:14:01,R_1Oxelf6fLEfbCV6,,,,,43.6638,-79.3999,anonymous,EN,1,,,,,,,,,,,,,,I see them occasionally.,Alice went home yesterday.,Put the lamp there.,She spoke to me.,That was a gesture.,People shop at malls.,This food is salty.,The watch tells time.,The moon looks big.,Lamps belong in homes.,Candles provide added light.,The book is fictional.,3,5,1,2,3,1,4,3,2,1,4,3,2,1,2,2,1,4,4,2,4,3,2,2,2,3,2,2,2,2,3,2,2,2,2,2,2,2,9,2,19,2,Neuroscience and Physiology,1,1,16,38,25,14,13,32695
2023-03-06 20:10:19,2023-03-06 20:50:01,0,138.51.71.174,100,2381,1,2023-03-06 20:50:02,R_28HAoMrmOvhr4JQ,,,,,43.6638,-79.3999,anonymous,EN,1,I occasionally see them.,Alice went home yesterday.,Put the lamp there,She spoke to me,Was that a gesture,People shop at malls,This food is salty,The watch tells time,The moon looks big,Lamps belong in homes,candles provide added light,the book is fictional,5,,,,,,,,,,,,,,3,2,4,4,2,4,3,2,1,4,1,2,1,4,2,3,4,3,2,5,3,3,3,3,4,2,2,3,4,2,3,1,4,2,2,4,3,16,1,18,2,Arts,1,1,11,31,33,15,21,32083
2023-03-06 20:33:06,2023-03-06 20:55:45,0,138.51.75.20,100,1358,1,2023-03-06 20:55:45,R_ZlqA7KQQiBszqzn,,,,,43.6638,-79.3999,anonymous,EN,1,,,,,,,,,,,,,,I see them occasionally.,"Alice went home yesterday.  ",Put the lamp there.,"She spoke to me. ","That was a gesture. ",People shop at malls.,"This food is salty.  ","The watch tells time. ","The moon looks big. ","Lamps belong in homes. ","Candles provide active light.  ","The book is fictional. ",4,1,2,3,3,1,4,1,1,2,4,3,5,1,1,3,4,4,3,5,3,3,2,2,3,3,3,4,3,3,3,3,3,2,3,4,4,3,12,1,"18 ",3,International relations,1,2,11,40,34,19,17,34057
2023-03-06 21:49:49,2023-03-06 22:02:10,0,50.115.95.69,100,740,1,2023-03-06 22:02:10,R_UFIG1P1eQNwflEl,,,,,43.6535,-79.402,anonymous,EN,1,I occasionally see shoes,Alice went home yesterday,Put the lamp there,she spoke to me,Was that a gesture,People shop at malls,This food is salty,The watch tells time,The moon looks big,Lamps belong in homes,Candles provide added light,The book is fictional,3,,,,,,,,,,,,,,4,2,2,3,1,4,5,2,4,1,3,2,3,2,2,4,4,4,3,2,3,2,3,2,3,3,3,1,2,3,1,2,2,4,2,1,2,18,2,19,2,Undecided,1,1,12,46,22,15,9,33646
2023-03-06 22:26:23,2023-03-06 22:38:59,0,72.137.86.74,100,756,1,2023-03-06 22:39:00,R_ZETHg63tZpzb0Jz,,,,,43.64,-79.433,anonymous,EN,1,I see shoes occasionally,Alice went home yesterday,Put the lamp there,"She spoke to me ","That was a gesture ",People shop at malls,This food is salty,"The watch tells time ",The moon looks big,Lamps belong in homes,Candles provide light,The book is fictional,2,,,,,,,,,,,,,,1,2,5,3,1,4,5,2,5,4,3,2,3,2,4,4,4,3,1,4,2,2,1,2,4,2,2,2,2,4,1,2,2,2,2,4,2,4,1,18,3,Social Sciences,1,2,13,34,26,12,15,33268
2023-03-06 22:33:12,2023-03-06 22:55:42,0,142.188.150.159,100,1349,1,2023-03-06 22:55:42,R_3rOP1Hoh0MM7Tx1,,,,,43.6667,-79.3804,anonymous,EN,1,,,,,,,,,,,,,,"I see them occasionally ",Alice went home yesterday,Put the lamp there,She spoke to me,That was a gesture,People shop at malls,This food is salty,The watch tells time,The moon looks big,Lamps belong in homes,Candles provide added light,The book is fictional,4,1,2,1,3,1,4,3,1,5,4,1,1,1,4,5,3,4,3,2,2,3,2,3,2,4,1,3,2,2,4,2,2,2,3,1,3,3,16,1,18,2,Business,1,2,11,37,23,11,13,32410
2023-03-06 23:04:44,2023-03-06 23:24:59,0,70.51.84.108,100,1215,1,2023-03-06 23:25:00,R_2t9GsOkqGPlnaqo,,,,,43.6667,-79.3804,anonymous,EN,1,I see them occasionally.,Alice went home yesterday.,Put the pause there.,She spoke to me.,That was a gesture.,"People shop at malls ",This food is salty.,The watch tells time.,"The moon looks big,",Lamps belong in homes.,Added candles provide light.,The book is fictional.,3,,,,,,,,,,,,,,1,5,4,3,1,4,3,3,1,3,3,1,1,2,1,4,4,4,2,4,3,2,1,2,3,2,2,2,2,3,2,2,3,3,1,2,2,16,2,18,2,life science,1,2,16,36,24,13,13,33100
2023-03-06 21:45:14,2023-03-07 00:21:07,0,142.198.119.56,100,9353,1,2023-03-07 00:21:08,R_qI2thd2jcq6uQVP,,,,,43.6667,-79.3804,anonymous,EN,1,,,,,,,,,,,,,,I see them occasionally.,Alice went home yesterday.,Put the lamp there.,She spoke to me.,That was a gesture.,People shop at malls.,This food is salty.,The watch tells time.,Your moon looks big.,Lams belong in homes.,"Candles provide added light. ",The book is fictional.,4,4,4,4,4,2,5,3,1,1,4,3,1,1,2,1,4,4,4,2,4,3,2,2,2,3,2,2,2,2,4,2,2,2,3,2,2,2,14,1,18,2,Social Science,2,2,12,38,24,13,12,35065
2023-03-07 01:18:20,2023-03-07 01:45:18,0,99.237.3.90,100,1618,1,2023-03-07 01:45:19,R_RrinEH8wiSFUc7f,,,,,43.7274,-79.2604,anonymous,EN,1,,,,,,,,,,,,,,I see them occasionally,Alice went home yesterday,Put the lamp there,She spoke to me,Was that a gesture?,People shop at malls,This food is salty,The watch tells time,The moon looks big,Lamps belong in homes,Candles provide added light,"The book is fictional ",4,1,2,5,3,2,4,3,3,3,4,1,3,1,2,3,1,4,4,2,4,3,4,4,2,4,3,3,2,3,4,2,3,1,4,2,1,2,19,1,18,2,Humanities,1,1,15,46,25,16,10,37111
2023-03-07 07:09:35,2023-03-07 07:24:05,0,50.115.95.7,100,870,1,2023-03-07 07:24:06,R_1MLehZoXkhrCafK,,,,,43.6535,-79.402,anonymous,EN,1,i occasionally see shoes.,Alice went home yesterday.,Put the lamp there.,She spoke to me.,That was a gesture.,People shop at malls.,"Freeze, this is salty.",Watch tells the time.,The moon looks big.,Lamps belong in homes.,Candles provide added light.,The book is fictional.,3,,,,,,,,,,,,,,1,2,2,2,3,4,3,3,2,3,3,1,1,4,2,4,4,3,2,3,3,2,3,2,4,3,3,2,2,3,2,2,2,3,3,2,3,17,2,18,2,Kinesiology,1,1,12,43,26,16,12,36115
2023-03-07 07:35:47,2023-03-07 07:43:37,0,153.92.40.12,100,469,1,2023-03-07 07:43:37,R_1OrEpSNWAMVB8Mj,,,,,43.6547,-79.3623,anonymous,EN,1,,,,,,,,,,,,,,I see shoes occassionally,Alice went home yesterday,Put the lamp there,She spoke to me,That was a gesture,People shop at malls,This food is salty,The watch tells time,The moon looks big,Lamps belong in homes,"Candles provide active light ",The book is fictional,1,1,1,1,1,1,1,1,1,1,1,1,1,1,1,1,1,1,1,1,1,1,1,1,1,1,1,1,1,1,1,1,1,1,1,1,1,1,1,2,18,2,"Biochemistry ",2,2,4,40,18,13,9,32134
2023-03-07 08:24:01,2023-03-07 08:40:28,0,184.146.41.142,100,987,1,2023-03-07 08:40:29,R_1QlpsLFwSicbeBr,,,,,43.6667,-79.3804,anonymous,EN,1,I see them shoes occasionally.,Alice still went home yesterday.,The lamp put pause there.,She spoke green to me.,That was a gesture interrupt.,People at calm shop malls.,This salty food is freeze.,The watch time tells inaction.,Your looks the big moon.,Lamps belong in foot homes.,Paralyze candles provide added light.,The book stop is fictional.,3,,,,,,,,,,,,,,4,4,2,3,2,2,4,2,3,4,4,5,3,5,1,4,4,3,2,5,3,2,2,3,3,2,3,3,2,3,3,2,3,3,1,1,3,14,2,18,2,Social Science (Psychology),1,2,6,37,26,14,14,33238
2023-03-07 08:28:01,2023-03-07 08:53:38,0,174.91.41.87,100,1536,1,2023-03-07 08:53:39,R_5hDWeRqGvPPVRol,,,,,45.3369,-75.2598,anonymous,EN,1,,,,,,,,,,,,,,I occasionally see them.,Alice went home yesterday.,Put the lamp there.,She spoke to me.,That was a gesture.,People shop at malls.,"This food is salty. ","The watch tells time. ","The moon looks big. ",Lamps belong in homes.,"Candles provide added light. ",The book is fictional.,4,1,1,4,3,4,4,3,2,5,4,3,2,1,2,2,4,4,4,2,4,3,3,1,1,2,1,3,1,3,2,2,2,2,4,2,2,3,14,2,21,2,Business Commerce - Accounting,1,1,16,44,24,17,10,33358
2023-03-07 09:00:51,2023-03-07 09:17:41,0,142.151.185.32,100,1009,1,2023-03-07 09:17:42,R_2cpkHzh1XA7efaC,,,,,43.6638,-79.3999,anonymous,EN,1,"i see shoes occasionally ","Alice went home yesterday ",put the lamp there,she spoke to me,"that was a gesture ",people shop at malls,"This food is salty ",Watch tells the time,the moon looks big,Lamps belong in homes,candles provide added light,"the fictional book stop ",3,,,,,,,,,,,,,,1,2,5,3,1,4,5,3,5,5,3,2,1,2,2,4,4,4,2,4,3,3,3,2,4,1,4,1,1,3,1,1,1,3,1,1,1,17,2,19,2,Commerce,1,2,18,43,16,10,8,33127
2023-03-07 09:46:25,2023-03-07 10:01:54,0,138.51.88.207,100,928,1,2023-03-07 10:01:54,R_56XmWgGSAC5MIw1,,,,,43.6638,-79.3999,anonymous,EN,1,"i see shoes occasionally ",alice went home yesterday,put the lamp there,she spoke to me,that was a gesture,people shop at malls,this food is salty,the watch tells time,the moon looks big,lamps belong in homes,candles provide added light,the book is fictional,2,,,,,,,,,,,,,,1,3,4,4,2,4,3,2,1,4,3,3,1,2,2,1,4,4,5,2,3,2,2,2,4,2,3,3,3,4,4,2,2,3,1,3,1,4,1,18,4,psych,1,1,12,31,24,10,15,32791
2023-03-07 09:04:55,2023-03-07 11:30:46,0,138.51.70.1,100,8750,1,2023-03-07 11:30:46,R_3j9iwW4bMcgZfpb,,,,,43.6638,-79.3999,anonymous,EN,1,,,,,,,,,,,,,,“I see them occasionally.”,“Alice went home yesterday.”,“Put the lamp there.”,“She spoke to me.”,“That was a gesture.”,“People shop at malls.”,“This food is salty.”,“The watch tells time.”,“The moon looks big.”,“Lamps belong in homes.”,“Active candles provide light.”,“The book is fictional.”,4,3,2,4,4,3,4,4,4,3,4,3,2,1,2,1,1,4,3,1,2,3,3,3,3,4,3,3,2,2,3,2,1,2,3,3,3,2,10,1,18,2,"Computer Science ",1,1,9,40,27,15,14,32413
2023-03-07 15:18:07,2023-03-07 15:45:18,0,138.51.84.213,100,1630,1,2023-03-07 15:45:18,R_3KSZJWpsjBbyAwj,,,,,43.6638,-79.3999,anonymous,EN,1,,,,,,,,,,,,,,i see them occasionally,Alice went home yesterday,the lamp doing there,she spoke to me,that was a gesture,people shop at malls,this food is salty,the watch tells time,the moon looks big,lamps belong in homes,active candles provide light,the book is fictional,3,4,4,2,3,1,4,1,1,1,3,4,3,4,2,3,4,2,4,2,4,3,3,3,2,2,2,4,2,2,3,2,1,1,3,1,2,2,15,1,18,2,social science,1,2,10,43,23,14,11,32818
2023-03-07 20:07:05,2023-03-07 20:28:27,0,99.229.239.197,100,1282,1,2023-03-07 20:28:28,R_rrk4xatsA6DG3cJ,,,,,43.6657,-79.3718,anonymous,EN,1,I see them occasionally.,Alice went home yesterday.,Put the lamp there.,She spoke to me.,That was a gesture.,Calm people at malls.,This food is salty.,The watch tells time.,The moon looks big.,Lamps belong in homes.,Candles provide added light.,The book is fictional.,5,,,,,,,,,,,,,,1,2,1,3,1,4,4,2,1,1,2,1,1,1,1,4,4,4,2,4,3,2,2,2,3,1,1,3,3,1,1,1,2,3,2,1,2,12,2,19,2,N/A,1,2,13,38,23,14,13,35371
2023-03-08 12:10:28,2023-03-08 12:21:11,0,138.51.85.218,100,643,1,2023-03-08 12:21:12,R_Ra9lkaAxaTMMACt,,,,,43.6638,-79.3999,anonymous,EN,1,I see them occasionally,Alice went home yesterday,Ptut the lamp there,She spoke to me,That was a gesture,People shops at malls,This food is salty,The watch tells time,The big looks big,Lamps belong in homes,Candles provide added light,The book is fictional,4,,,,,,,,,,,,,,2,3,4,2,2,3,3,2,4,3,1,1,1,3,3,4,4,4,2,4,3,4,3,3,3,3,3,3,4,2,4,3,2,2,3,3,2,12,2,18,2,"Studies in math & physical sciences (1th year, no major)",2,2,8,39,35,20,18,32992
2023-03-07 08:05:14,2023-03-08 12:29:49,0,76.66.159.27,100,102274,1,2023-03-08 12:29:49,R_1IRBTt7qFKQSGaw,,,,,43.8113,-79.188,anonymous,EN,1,,,,,,,,,,,,,,“I occasionally see them”,“Alice went home yesterday”,""" Put the lamp there""","""She spoke to me""","""That was a gesture""","""People shop at malls""","""This food is salty""","""The watch tells time""","""The moon looks big""","""Lamps belong in homes""","""Candles provide added light""","""Action is the book """,4,1,2,2,1,1,4,3,3,2,2,1,2,1,2,1,4,4,1,2,4,3,2,2,3,4,3,2,3,2,3,3,2,2,3,3,3,2,9,1,18,2,Computer Science,1,1,14,36,28,15,15,32872
2023-03-09 11:59:08,2023-03-09 12:04:15,0,138.51.72.223,100,306,1,2023-03-09 12:04:15,R_88rU8S2C9RfH3WN,,,,,43.6638,-79.3999,anonymous,EN,1,I see them occasionally,Alice went home yesterday,put the lamp there,she spoke to me,interrupt was a gesture,people shop at malls,this food is salty,the inaction watch time,the moon looks big,lamps belong in homes,candles provide added light,the book is fictional,5,,,,,,,,,,,,,,3,1,1,3,5,3,5,2,1,4,2,2,3,4,5,1,4,3,3,4,2,3,3,3,3,3,4,3,4,3,2,2,3,4,3,4,3,19,2,18,2,Life Sciences,1,2,6,40,34,18,18,34177
2023-03-03 11:39:09,2023-03-03 11:39:26,0,142.1.184.168,24,16,0,2023-03-10 11:39:11,R_3Jbfaa1SesSr3nS,,,,,,,anonymous,EN,1,,,,,,,,,,,,,,,,,,,,,,,,,,,,,,,,,,,,,,,,,,,,,,,,,,,,,,,,,,,,,,,,,,,,,,,,,,,,
